source_sha256,page_number,profile,title,doc_type,rotation_degrees,exceeded,mean_absolute_difference,legacy_covered_by_replacement,replacement_covered_by_legacy,ink_iou,max_forward_delta,page_origin_y_delta,paired_pixel_evidence
0c0cde2d5fd9ad53d886b33206d485770e5438d4b45ca7622fe81e41ebcee470,1,review,Utility conflict exhibit (draft),plan,0,ink_placed_more_than_a_pixel_apart,0.003792557932263815,0.9999752204144138,0.9450124368200689,0.8888098918083462,0.0,0,not located
1b949a1a1e26fcdb457df7ba265888d7bfe107b1d63c14ea0b1e56082620e228,1,ocr_layout,Appendix U3 utility listing — power,matrix,90,mean_absolute_difference_above_tolerance|ink_placed_more_than_a_pixel_apart,0.02156375543205993,0.9995660679209418,0.9696248023254874,0.6592917426683931,0.0,0,not located
1b949a1a1e26fcdb457df7ba265888d7bfe107b1d63c14ea0b1e56082620e228,1,table_cv,Appendix U3 utility listing — power,matrix,90,ink_placed_more_than_a_pixel_apart,0.014132620320855615,0.993780457352627,0.9694077019767124,0.7508059319947407,0.0,0,not located
1cbb3116146a8b3a9230ae91792a5936fc8746f26c5d9e037f7a6395d72b29d5,1,table_cv,Exhibit — CenterPoint Elec Transmission,plan,0,ink_placed_more_than_a_pixel_apart,0.00367961972667855,0.9730818730281128,0.9813245663459277,0.844371509994421,0.0,0,not located
1fe01e060cf2bc5d437075e5acdb4b5807ba16ab71710eec22ae5f50379fb730,1,table_cv,Exhibit — TNMP,plan,0,ink_placed_more_than_a_pixel_apart,0.002101010101010101,0.9871893341062242,0.969360879865532,0.7820539687627125,0.0,0,not located
329ab37f3fbcd2f1f95feeeadba6fbff965c909dd5f34a15392c54990d9d9e6c,1,review,Utility Inventory Matrix (6/20/2025),matrix,90,mean_absolute_difference_above_tolerance,0.03703137988885394,1.0,1.0,0.6670071860730493,0.0,0,not located
329ab37f3fbcd2f1f95feeeadba6fbff965c909dd5f34a15392c54990d9d9e6c,1,ocr_layout,Utility Inventory Matrix (6/20/2025),matrix,90,mean_absolute_difference_above_tolerance,0.025436055130311185,0.9999901546525085,0.9999771552429174,0.7929923525372503,0.0,0,not located
36acb221898e1a771f955a80e1136d3bd7117e1fd6fd4b36d542c84454bf3361,1,ocr_layout,Appendix U3 utility listing — sewer,matrix,90,ink_placed_more_than_a_pixel_apart,0.014499004345647945,0.9999616317535608,0.9796585887965353,0.7101591698127525,0.0,0,not located
3c53895423d57b61959b74d146cd0076d11245328c354540a1e509fc17cb6f1c,1,ocr_layout,Appendix U3 utility listing — water,matrix,90,mean_absolute_difference_above_tolerance|ink_placed_more_than_a_pixel_apart,0.020689990563070148,0.9999410031898965,0.9649680457152572,0.6587544874069933,0.0,0,not located
3c53895423d57b61959b74d146cd0076d11245328c354540a1e509fc17cb6f1c,1,table_cv,Appendix U3 utility listing — water,matrix,90,ink_placed_more_than_a_pixel_apart,0.0158098633392751,0.9907903677186893,0.9694737708693509,0.7442477859094063,0.0,0,not located
3ed84037c176f422236cbf3c61d96f94b6b29bf3437d3bc75d5a74787d843602,1,ocr_layout,Utilities ITS Transtar,plan,0,ink_placed_more_than_a_pixel_apart,0.016172476786317617,0.9999027386368333,0.9623523929551063,0.6824869582110418,0.0,0,not located
40aa9b5aea732484b867ae9c3dfda023becb0932eff63497d4c8fdaa4f20a7af,1,table_cv,Harris County MOU,agreement,270,ink_placed_more_than_a_pixel_apart,0.002467379679144385,0.9246512931940842,0.874592621561726,0.6210785655625514,0.0,0,not located
41c779e29f41ed465c23e34775b57c8bd7f709543a1affb78a3bd901167e8e56,1,table_cv,METRO Master Agreement for Transitways,agreement,0,ink_placed_more_than_a_pixel_apart,0.005148187759952466,0.9600464351359195,0.9636548321563316,0.6535099295374747,0.0,0,not located
46e7915e6dd257823eee4de56a75181ab446e5c07ff4cec88832a4f7b8915675,1,review,SUE Quality Level C Utility Verification Data,plan,0,ink_placed_more_than_a_pixel_apart,0.0034062273251546605,0.9999841650633793,0.9799149418769493,0.9533394776801565,0.0,0,not located
509e7b0db0c852ededa211305f3cedc0a95d18ec0a2664214300d8cac33844f9,1,table_cv,City of Houston Parking Agreement,agreement,0,ink_placed_more_than_a_pixel_apart,0.0007176470588235293,0.9489194499017681,0.9504132231404959,0.6603678083347393,0.0,0,not located
56863e91788fabf0e7c4973ca96297eaa82294a8005f37f9c62fb02ba2b920b8,1,review,Utility Conflict Matrix (7/22/2025),matrix,0,mean_absolute_difference_above_tolerance,0.03411563500422266,0.9999964199857874,0.9999302780968641,0.7424954432074349,0.0,0,not located
56863e91788fabf0e7c4973ca96297eaa82294a8005f37f9c62fb02ba2b920b8,1,ocr_layout,Utility Conflict Matrix (7/22/2025),matrix,0,mean_absolute_difference_above_tolerance,0.02478737757135666,0.9995991386641698,0.99875488604403,0.8087162103655378,0.0,0,not located
5800c44d691c94e5e8852b9cb3fa1d9ad4cfe8c49eb7e575553b81289266b3ac,1,review,Appendix U8 conceptual utility relocations,plan,0,ink_placed_more_than_a_pixel_apart,0.0026081430219146483,0.9999731429466664,0.9795632557905506,0.9326396036786919,0.0,0,not located
6ec69c56d79ccfcb3fb1a53dfaba446952bfd0df0d4d47b75255af5065976733,1,review,Reference Information Documents (RID) Index,other,0,mean_absolute_difference_above_tolerance,0.02447192055014707,0.988040660814507,0.9902548668479209,0.7864155166472159,0.0,0,not located
7aaf091c7c741c153ea2b5fe94da6b7569b5826f60686b9fd0c2aa4b40668640,1,table_cv,City of Houston MOU,agreement,270,ink_placed_more_than_a_pixel_apart,0.0051734997029114676,0.9803909481509793,0.9773316378930894,0.7642500514442291,0.0,0,not located
a702ab935f4f3cd8bc958aca80ac00a1374b88fe307623c94a8b5fbcb8b30214,1,review,Reference Information Documents (RID) Index (8/14/2026),other,0,mean_absolute_difference_above_tolerance,0.020397203011477866,0.999815086102687,0.9988810200697195,0.8359759102522953,0.0,0,not located
aba736901ce9a3b664f87e7345a710161b5f1be0201f3064a81acb8d0eba987f,1,review,Utilities Storm Drain,plan,0,mean_absolute_difference_above_tolerance,0.02115961832861487,1.0,1.0,0.6695046841258627,0.0,0,not located
af86a0b7b778fa7e029b1083bc9f9c56c34a005074edc20c7b9458c65fe8ac44,1,ocr_layout,Utility Conflict Matrix (2/23/2025),matrix,0,ink_placed_more_than_a_pixel_apart,0.012205790080738178,0.9985227213118008,0.9761085730660328,0.7504000448845101,0.0,0,not located
af86a0b7b778fa7e029b1083bc9f9c56c34a005074edc20c7b9458c65fe8ac44,1,table_cv,Utility Conflict Matrix (2/23/2025),matrix,0,ink_placed_more_than_a_pixel_apart,0.013754070112893643,0.981351342616208,0.9766527756773258,0.7206437668276164,0.0,0,not located
c14cb3940120205130899071f903b09e00870f1b0d4f67b0a44ad763bb43f512,1,table_cv,Exhibit — CenterPoint Elec Transmission,plan,0,ink_placed_more_than_a_pixel_apart,0.00771146761734997,0.9752638375562186,0.9822575066813394,0.8138870565290963,0.0,0,not located
cfded966dd3395e4a1d87370c8da496844e05df499ac786440459fd926ae0db8,1,table_cv,Utility Conflict Matrix (2/13/2026),matrix,0,ink_placed_more_than_a_pixel_apart,0.013425074272133096,0.9820934355858323,0.9774167501310942,0.7375579170872395,0.0,0,not located
d0f1a75d3592e370ede51da7feb45fb307b03a0bfc92bcd9ae93e3ab37dea53d,1,table_cv,METRO Transitway at US 59 Eastex Freeway,agreement,0,ink_placed_more_than_a_pixel_apart,0.00516660724896019,0.9653554673403103,0.9633406216155466,0.6351621240601504,1.4345511756381475,0,not located
d459d8c5c675a11ceb1d8381ca9b79f8357a88f2e8d548419f710b57d7e92053,1,review,"Utility Conflict Matrix (draft, 10/21/2024)",matrix,0,mean_absolute_difference_above_tolerance,0.029113273566110934,0.9999962881990713,1.0,0.7112196682304878,0.0,0,not located
d794938ff8c9c29004586a98ab5d7aeeb8904305527980c3dc5a74fede5b26db,1,ocr_layout,Appendix U3 utility listing — communications,matrix,90,ink_placed_more_than_a_pixel_apart,0.019953923549217666,0.9995369762475725,0.97242705680105,0.6778771835558378,0.0,0,not located
d794938ff8c9c29004586a98ab5d7aeeb8904305527980c3dc5a74fede5b26db,1,table_cv,Appendix U3 utility listing — communications,matrix,90,ink_placed_more_than_a_pixel_apart,0.015575163398692811,0.988852816583849,0.9732677784279109,0.7580185827106017,0.0,0,not located
e1c7895b56021f86317efa8074aa6f298087d8f0bd4ac8652f17721f99bb0d3b,1,ocr_layout,Appendix U3 utility listing — Olympic Pipeline,matrix,90,ink_placed_more_than_a_pixel_apart,0.0026452362145095707,0.9999018645731109,0.974642089924437,0.7798802328444467,0.0,0,not located
e619a4abf6044ee17415d4f6933ec9ef674c67735befb172a8d6da5a691e4b9a,1,ocr_layout,Appendix U2 existing utility listing,matrix,0,ink_placed_more_than_a_pixel_apart,0.012941114722775622,0.9995753825889531,0.9774722732312635,0.6890635834443359,11962.0,11962,not located
e619a4abf6044ee17415d4f6933ec9ef674c67735befb172a8d6da5a691e4b9a,1,table_cv,Appendix U2 existing utility listing,matrix,0,ink_placed_more_than_a_pixel_apart,0.010041235888294713,0.9998844759164376,0.9799509411704787,0.7285424460639667,11962.0,11962,not located
ee1d40ef3859b1a7be00cd16e08915238c3a3c4ad4275fa0eea22f668dd6eadb,1,review,Utility conflict exhibit (final),plan,0,ink_placed_more_than_a_pixel_apart,0.0023884832756632065,0.9999724239867194,0.9591771630855356,0.9278918197680386,0.0,0,not located
fb748d4ac7fbede15d56e8d12906416d1dd881f0701a321559d4a18be6b46f61,1,table_cv,City of Houston Signal Agreement (executed),agreement,270,ink_placed_more_than_a_pixel_apart,0.007779916815210932,0.8414597181024964,0.8339733138836452,0.47849637955343843,2.8425247659651625,0,not located
