source_ref,page,critical
PSEN-G-1001,1,no
PSEN-G-1002,1,no
PSEN-G-1003,1,no
PSEN-G-1004,1,yes
PSEN-G-1005,1,no
PSEN-G-1006,1,no
PSEN-G-1007,1,no
PSEN-G-1008,1,
PSEN-G-1010,1,yes
PSEN-G-1011,1,no
PSEN-G-1013,1,no
PSEN-G-1014,1,
PSEN-G-1015,1,no
PSEN-G-1017,1,no
OPLC-O-1001,1,
TCPR-HP-1003,1,no
TCPR-HP-1004,1,no
TCPR-HP-1005,1,no
TCPR-P-1006,1,no
TCPR-HP-1007,1,no
TCPR-HP-1008,1,no
TCPR-HP-1010,1,no
TCPR-P-1011,1,no
TCPR-P-1025,1,no
TCPR-HP-1012,1,yes
TCPR-P-1013,1,yes
TCPR-P-1014,1,no
TCPR-HP-1015,1,yes
TCPR-P-1016,1,yes
TCPR-P-1018,1,yes
TCPR-P-1020,1,yes
TCPR-P-1021,1,yes
TCPR-P-1061,1,yes
TCPR-P-1026,1,yes
TCPR-P-1027,1,yes
TCPR-P-1028,1,yes
TCPR-P-1029,1,yes
TCPR-P-1031,1,yes
TCPR-P-1060,1,yes
TCPR-P-1034,1,yes
TCPR-P-1056,1,yes
TCPR-HP-1057,1,
TCPR-P-1058,2,
TCPR-P-1063,2,yes
TCPR-P-1064,2,yes
TCPR-P-1065,2,yes
TCPR-P-1043,2,yes
TCPR-P-1052,2,yes
TCPR-P-1062,2,yes
TCPR-P-1066,2,yes
PSEN-HP-1018,2,
PSEN-P-1016,2,
COTA-S-1001,1,no
COTA-S-1002,1,no
COTA-S-1005,1,no
COFI-S-1003,1,no
COFI-S-1004,1,yes
COFI-S-1027,1,yes
COFI-S-1028,1,yes
COFI-S-1030,1,
COFI-S-1031,1,yes
PCPW-S-1001,1,
PCPW-S-1002,1,yes
PCPW-S-1003,1,yes
PCPW-S-1004,1,yes
PCPW-S-1005,1,no
PCPW-S-1006,1,yes
PCPW-S-1007,1,yes
PCPW-S-1008,1,no
PCPW-S-1012,1,yes
PCPW-S-1013,1,yes
PCPW-S-1014,1,yes
PCPW-S-1015,1,yes
PCPW-S-1016,1,
PCPW-S-1017,1,yes
PCPW-S-1018,1,yes
PCPW-S-1019,1,no
COFI-W-1003,1,yes
COFI-W-1004,1,no
COFI-W-1005,1,no
COFI-W-1006,1,no
COFI-W-1008,1,
COFI-W-1008,1,yes
COFI-W-1009,1,yes
COFI-W-1011,1,yes
COFI-W-1020,1,yes
COFI-W-1028,1,yes
COFI-WL-1019,1,no
COFI-W-1036,1,yes
COFI-W-1038,1,yes
COMI-W-1001,1,yes
COMI-W-1001,1,yes
COMI-W-1002/1003,1,yes
COMI-W-1005,1,no
COMI-W-1006,1,yes
COMI-W-1007,1,yes
COMI-W-1020,1,yes
COMI-W-1022,1,yes
COMI-W-1023,1,yes
COMI-W-1024,1,yes
TCWT-W-1001,1,no
TCWT-W-1002,1,no
TCWT-W-1003,1,no
TCWT-W-1004,1,no
TCWT-W-1005,1,no
TCWT-W-1006,1,yes
ATAT-F-1002,1,no
ATAT-F-1003,1,no
COMC-F-1001,1,no
COMC-F-1002,1,no
COMC-TV-1003,1,yes
COMC-TV-1004,1,yes
COMC-TV-1013,1,no
COMC-TV-1018,1,yes
COMC-F-1029,1,yes
COMC-TV-1030,1,yes
COMC-TV-1031,1,yes
COMC-F-1032,1,yes
COMC-F-1037,1,yes
COMC-TV-1005,1,
COMC-TV-1019,1,yes
COMC-TV-1020,1,yes
COMC-TV-1021,1,yes
COMC-F-1035,1,yes
COMC-F-1036,1,yes
COMC-F-1006,1,yes
COMC-TV-1007,1,yes
COMC-F-1008,1,yes
COMC-TV-1009,1,yes
COMC-F-1013,1,yes
COMC-TV-1014,1,yes
COMC-F-1015,1,no
COMC-TV-1016,1,no
COMC-TV-1028,1,yes
COMC-TV-1010,1,yes
COMC-F-1038,1,yes
COMC-TV-1039,1,yes
COMC-TV-1040,1,yes
COMC-F-1041,1,yes
LUMN-T-1003,2,no
LUMN-T-1004,2,no
LUMN-T-1005,2,no
LUMN-T-1030,2,yes
LUMN-T-1031,2,yes
LUMN-T-1032,2,yes
LUMN-T-1006,2,yes
LUMN-T-1007,2,no
LUMN-T-1009,2,
LUMN-T-1034,2,no
LUMN-T-1010,2,yes
LUMN-T-1012,2,yes
LUMN-T-1013,2,yes
LUMN-T-1029,2,yes
LUMN-T-1014,2,yes
LUMN-T-1015,2,yes
LUMN-T-1019,2,yes
LUMN-T-1027,2,
LUMN-F-1028,2,
LUMN-F-1035,2,yes
LUMN-T-1017,2,yes
LUMN-T-1020,2,yes
LUMN-T-1025,2,
LUMN-T-1036,2,yes
CLTP-F-1001,2,no
CLTP-TV-1002,2,no
CLTP-F-1002,2,no
CLTP-F-1003,2,yes
CLTP-F-1004,2,yes
CLTP-F-1005,2,no
CLTP-TV-1006,2,no
CLTP-TV-1008,2,yes
CLTP-TV-1031,2,yes
CLTP-F-1010,2,yes
CLTP-TV-1011,3,yes
CLTP-F-1012,3,yes
CLTP-TV-1013,3,yes
CLTP-F-1029,3,yes
CLTP-TV-1030,3,yes
CLTP-TV-1014,3,yes
CLTP-F-1017,3,yes
CLTP-F-1020,3,yes
CLTP-F-1025,3,yes
CLTP-TV-1027,3,no
CLTP-TV-1022,3,yes
CLTP-TV-1032,3,yes
CLTP-F-1033,3,yes
ZAYO-F-1001,3,yes
ZAYO-F-1002,3,yes
ZAYO-F-1003,3,yes
ZAYO-F-1004,3,yes
ZAYO-F-1005,3,no
ZAYO-F-1006,3,yes
